sub_code,sub_name
03DM,3D DIGITAL MODELLING
0AAB,ANIMAL ADAPT AND BEHAVIOUR
0ABR,WAR AND AUSTRALIA BECOMING A REPUBLIC
0AFR,WAR AND AFRICA
0AIW,AUSTRALIA'S INVOLVEMENT IN WAR
0ALG,ALGEBRA
0ALGE,ALGEBRAIC MANIPULATION
0ALOP,ALTERNATIVE LEARNING PROGRAM
0AMH,AMERICAN HISTORY
0APC,ABORIGINAL POWER CUP
0ART,ART
0ARTA,VISUAL ART A
0ARTB,VISUAL ART B
0ARTF,ART
0ARTS,ART
0ATY,ATOMIC THEORY
0AUSS,AUSTRALIAN STUDIES
0BASS,BASIC SKILLS
0BCS,BECOMING CONFIDENT SPEAKER
0BIO,BIOLOGICAL SCIENCE
0CADF,COMP AIDED DESIGN
0CADS,COMP AIDED DESIGN
0CARE,CARE GROUP
0CARE1,CARE GROUP
0CBIO,CELLULAR BIOLOGY
0CCA,CROSS CURRICULAR ARTS
0CFM,COURSES OF A FORMAL MENU
0CHI,CHINESE
0CHI1,CHINESE
0CHIF,CHINESE FULL
0CHIH,CHINESE HALF
0CHM,CHEMICAL SCIENCE
0CHOC,CHOCOLATE WORK
0CHST,CHILD STUDIES
0CIV,CIVICS CITIZENSHIP ECONOMICS
0CMDY,COMEDY
0CON,CONSTRUCTION SCIENCE
0CR8WTG,CREATIVE WRITING
0CST,CULTURAL STUDIES
0CWRI,CREATIVE WRITING
0D2C,DOORWAYS 2 CONSTRUCTION
0DAN,DANCE
0DANA,DANCE A
0DANB,DANCE B
0DANF,DANCE
0DANS,DANCE
0DCC,MAKING AND DECORATING CAKE
0DDNC,DIGITAL DESIGN - COMPUTING
0DDNDP,DIGITAL DESIGN - DIGITAL PUBLISHING
0DDNMP,DIGITAL DESIGN - MEDIA PRODUCTION
0DDNPH,DIGITAL DESIGN - PHOTOGRAPHY
0DES,DESIGN
0DESF,DESIGN
0DESS,DESIGN
0DGP,DIGITAL GRAPHICS
0DIMS,DIGITAL MUSIC
0DPP,DIGITAL PUBLISHING AND PRODUCTION
0DPUB,DIGITAL PUBLISHING
0DRA,DRAMA
0DRAA,DRAMA A
0DRAB,DRAMA B
0DRAF,DRAMA
0DRAS,DRAMA
0DST,DIGITAL STORYTELLING
0DTE,DIGITAL TECHNOLOGY
0DTMP,MEDIA PRODUCTION
0EALA,ENGLISH AS AN ADDITIONAL LANG A
0EALB,ENGLISH AS AN ADDITIONAL LANG B
0EARN,EARNING AND BUDGETING
0ELEF,ELECTRONICS
0ELES,ELECTRONICS
0ENG,ENGLISH
0ENG1,ENGLISH
0ENG2,ENGLISH
0ENGL,ENGLISH
0ENGO,ENGLISH
0ENGP,ENGLISH
0ENGX,ENGLISH
0ENGY,ENGLISH
0ENGZ,ENGLISH
0ENTC,ENGINEERING TECHNOLOGY
0ENTEC,ENGINEERING TECHNOLOGY
0ESL,ENGLISH AS A SECOND LANGUAGE PHASE 5/6
0ESL1,ENGLISH AS A SECOND LANGUAGE
0ESLA,ENGLISH AS A SECOND LANGUAGE A
0ESLB,ENGLISH AS A SECOND LANGUAGE B
0ESLEA,ENGLISH AS A SECOND LANGUAGE A
0ESLEB,ENGLISH AS A SECOND LANGUAGE B
0EWSK,ESSAY WRITING SKILLS
0FAN,FANTASY
0FAS,FASHION & TEXTILES
0FATF,FASHION & TEXTILES
0FATS,FASHION & TEXTILES
0FDINV,FOOD INNOVATION
0FINNU,FINANCIAL NUMERACY
0FOCF,FOOD & CULTURE
0FOCS,FOOD & CULTURE
0FOD,FOOD
0FODA,FOOD AND NUTRITION
0FODB,FOOD INNOVATION
0FPP,TEXT IN THE FIRST PERSON
0FTXT,FILM AS TEXT
0FUTC,FUTURES CONNECT
0GDH,GROSS DOMESTIC HAPPINESS
0GEOTR,GEOMETRY AND TRIGONOMETRY
0GER,GERMAN
0GERF,GERMAN FULL
0GERH,GERMAN HALF
0GERX,GERMAN EXTENSION
0GRKH,GREEK HALF
0HFPP,HUMOUR AND FIRST PERSON TEXT
0HLIF,HEALTHY LIFESTYLES
0HORF,HORTICULTURE
0HORS,HORTICULTURE
0HPE,HEALTH AND PHYSICAL EDUCATION
0HPE1,HEALTH AND PHYSICAL EDUCATION
0HPE2,HEALTH AND PHYSICAL EDUCATION (SEM 2)
0HUM,HUMANITIES
0HUME,HISTORY
0HUML,HISTORY
0HUMO,HISTORY
0HUMP,HISTORY
0HUMX,HUMANITIES
0HUMY,HUMANITIES
0HUMZ,HUMANITIES
0ICT,INFORMATION TECHNOLOGY
0ICT1,INFO COM TECH
0ICTF,INFO COM TECH
0ICTS,INFO COM TECH
0INLS,INDEPENDENT LIVING
0INTF,INTERNATIONAL FOODS
0IPP,INFORMATION PROCESSING
0IPPF,INFO PROCESSING
0IPPS,INFO PROCESSING
0ITA,ITALIAN
0ITABGN,ITALIAN (BEGINNERS)
0ITAF,ITALIAN FULL
0ITAH,ITALIAN HALF
0JAP1,JAPANESE
0JAP2,JAPANESE
0JAPF,JAPANESE FULL
0JAPH,JAPANESE HALF
0JAPS,INTRO TO JAPANESE
0JDES,JEWELLERY DESIGN
0KAU,KAURNA
0KST,CULTURAL KAURNA
0LIT,LITERACY
0LITE,ESL LITERACY
0LITP,LITERACY
0LITT,LEARNING SUPPORT
0LITY,LITERACY
0LITZ,LITERACY
0LNKBASS,LINK BASIC SKILLS
0LNKMATH,LINK MATHS
0LNKMWPL,LINK MEASUREMENT IN THE WORK PLACE
0LNQU,LINEAR AND QUADRATIC RELATIONS
0LNSP,LEARNING SUPPORT
0LWCL,LITERACY WORK & COMMUNITY LIFE
0MAXS,MATHS EXTENSION
0MCA,MULTI CULTURAL AUSTRALIA
0MDNM,METALWORK
0MDNW,WOODWORK
0MDTM,MATERIALS DESIGN WITH METAL
0MDTW,MATERIALS DESIGN WITH WOOD
0MEDANI,MEDIA ANIMATION
0MEWF,METALWORK
0MEWS,METALWORK
0MGR,MODERN GREEK
0MGRF,MODERN GREEK
0MIN,MINING AND RESOURCES
0MIYW,MATHEMATICS IN YOUR WORLD
0MKRTEC,MAKERS TECH
0MKT,MAKERS TECH
0MME,DIGITAL MEDIA
0MMES,MULTIMEDIA SEMESTER
0MSC,MARINE SCIENCE
0MTH,MATHEMATICS
0MTH1,MATHS
0MTH2,MATHS
0MTHA,MATHEMATICS A
0MTHE,MATHEMATICS
0MTHG,MATHS G
0MTHL,MATHEMATICS
0MTHO,MATHEMATICS
0MTHP,MATHEMATICS
0MTHX,MATHEMATICS
0MTHX1,MATHS
0MTHY,MATHEMATICS
0MTHZ,MATHEMATICS
0MTRI,MEASUREMENT AND TRIGONOMETRY
0MUS,MUSIC
0MUSA,MUSIC A
0MUSB,MUSIC B
0MUSS,MUSIC FULL
0MUST,MUSIC TECHNOLOGY
0MWPL,MEASUREMENT IN THE WORK PLACE
0NAN,NANOTECHNOLOGY
0NDLL,NUMERACY FOR DAILY LIFE
0NHAZ,WAR AND NATURAL HAZARDS
0NMW,NEWSPAPER AND MAGAZINE WRITING
0OED,OUTDOOR EDUCATION
0OIC,ORGANIC AND INDUST CHEMISTRY
0OUTC,DESIGN TECH OUTDOOR CONSTRUCTION
0PD,PERSONAL DEVELOPMENT
0PED,PHYSICAL EDUCATION
0PED12,PHYSICAL EDUCATION 2
0PED2,PHYSICAL EDUCATION (FULL)
0PEDF,PHYSICAL EDUCATION FULL
0PEDS,PHYS ED
0PGH,PHOTOGRAPHY
0PHC,PHYSICS OF COLLISIONS
0PHE1,PHYSICAL AND HEALTH EDUCATION 1
0PHE2,PHYSICAL AND HEALTH EDUCATION 2
0PLP,PERSONAL LEARNING PLAN
0PPN,PROPAGANDA AND PERSUASION
0PPROJE,PERSONAL PROJECT
0PSC,PHYSICAL SCIENCE
0PTRY,POETRY
0PWP,POETRY WAR PROTEST
0RBK,RECIPE BOOK
0RBT,ROBOTICS
0REH,REC AND HEALTH
0REHF,REC & HEALTH
0REHS,REC & HEALTH
0RRES,ROCK EISTEDDFOD
0SCI,SCIENCE
0SCIDL1,SCIENCE FOR DAILY LIFE
0SCIE,SCIENCE
0SCIF,SCIENCE
0SCIL,SCIENCE
0SCIO,SCIENCE
0SCIP,SCIENCE
0SCIS,SCIENCE SEMESTER
0SCIX,SCIENCE
0SCIY,SCIENCE
0SCIZ,SCIENCE
0SFIC,SCIENCE FICTION
0SGEO,SIMILAR AND GEOMETRY
0SOS1,HUMANITIES
0SOS2,HUMANITIES
0SOSS,SOCIETY & ENVIRONMENT
0SSAV,SPENDING AND SAVING
0SSC,SPORTS SCIENCE
0SST,SCREEN STUDIES
0STAT,PROBABILITY AND STATISTICS
0STUDY,YEAR 10 STUDY
0STYG,STUDY OF GENRE
0SUSE,SUSTAINABLE ENVIRONMENTS
0TARGWK,TARGET WORK
0TRSM,TOURISM
0TUT,TUTORING
0TXT,TEXTILES
0WWK,WOODWORK
0WWKF,WOODWORK
0WWKS,WOODWORK
1ABG,SAASTA ABORIGINAL STUDIES
1AIP,"POLITICS, POWER AND PEOPLE"
1APC,ABORIGINAL POWER CUP
1ART,ART PRACTICAL
1BEM10,BUSINESS & INNOVATION: MODIFIED
1BEM20,BUSINESS & ENTERPRISE: MODIFIED
1BGY,BIOLOGY
1BIG,BIOLOGY
1BIM10,BUSINESS INNOVATION: MODIFIED
1BUS,BUSINESS STUDIES
1CARE,CARE GROUP
1CCP,PHOTOGRAPHY
1CEM,CHEMISTRY
1CHC,CHINESE (CONTINUERS)
1CHE,CHINESE
1CHI,CHINESE
1CME,CHEMISTRY
1CRVA,SPORT AND RECREATION
1CSA1,ARTS AND THE COMMUNITY GP1
1CSD,CHILD STUDIES
1CVA,CREATIVE ARTS (MUSIC)
1CVM10,CREATIVE ARTS MODIFIED
1CVM102,CREATIVE ARTS: MODIFIED
1CVM20,CREATIVE ARTS: MODIFIED
1CWVB,COMMUNITY WORK VET
1CXDST,SAASTA SHIELD
1CXDSTMS,SAASTA SHIELD
1CXM10,CROSS DISCIPLINARY STUDIES: MODIFIED
1CXM10PE,CROSS DISCIPLINARY STUDIES: MODIFIED
1CXM20,CROSS DISCIPLINARY STUDIES: MODIFIED
1DAE,PERFORMANCE DANCE
1DCSPH,PHOTOGRAPHY
1DGT,DIGITAL TECHNOLOGIES
1DGTIT,INFORMATION TECHNOLOGIES
1DPUB,DIGITAL PUBLISHING
1DTM,"DESIGN, TECHNOLOGY & ENGINEERING: MODIFIED"
1EAL,ENGLISH AS AN ADDITIONAL LANGUAGE
1EGH,ENGLISH
1EGU,ENGLISH AS AN ADDITIONAL LANGUAGE
1ELEC,ELECTRONICS
1EMP10,ENGLISH PATHWAYS: MODIFIED
1EPM10,ENGLISH: MODIFIED
1EPM102,ENGLISH PATHWAYS: MODIFIED
1EPM103,ENGLISH PATHWAYS: MODIFIED
1EPM20,ENGLISH: MODIFIED
1EPM20A,ENGLISH PATHWAYS: MODIFIED
1EPW,ENGLISH PATHWAYS
1EPWCTUP,ENGLISH PATHWAYS CATCH UP
1EPWU,ENGLISH PATHWAYS (UNI)
1EPWV,ENGLISH PATHWAYS (VOC)
1EPWVO,ENGLISH PATHWAYS (VOC)
1ESH,ENGLISH
1ESL1,ENGLISH AS A SECOND LANGUAGE
1ETE,ESSENTIAL ENGLISH
1ETEEAL,ESSENTIAL ENGLISH (EAL)
1ETELT,ESSENTIAL ENGLISH (LITERACY)
1ETEU,ESSENTIAL ENGLISH (UNI PATH)
1ETEV,ESSENTIAL ENGLISH (VOC PATH)
1FOH,FOOD AND HOSPITALITY
1GEO,GEOGRAPHY
1GPY,GEOGRAPHY
1HEH,HEALTH
1HEHPED,POSITIVE EDUCATION
1HEM10,HEALTH: MODIFIED
1HEM10B,HEALTH: MODIFIED
1HEM20,HEALTH: MODIFIED
1HEW,HEALTH AND WELLBEING
1HFIT,HEALTH AND FITNESS
1HIS,HISTORY
1HSY,MODERN HISTORY
1HWM10,HEALTH & WELLBEING: MODIFIED
1IESDPRO,DIGITAL PRODUCTS
1IFT,INFORMATION TECHNOLOGY
1IGLDN,DANCE - INTEGRATED LEARNING
1IL1ELE,ELECTRONICS
1ILG10PE,INTEGRATED LEARNING PE
1ILGDN,DANCE INTEGRATED LEARNING
1ILGFMD,FILM/MEDIA
1ILGMD,MEDIA PRODUCTION
1ILGPWCUP,ABORIGINAL POWER CUP
1ILGSP,STAGE PRODUCTION
1ILGSS,SAASTA SHIELD
1ILNDN,DANCE
1ILNSP,STAGE PRODUCTION
1ILNSST,SAASTA SHIELD
1ILNUM,NUMERACY DEVELOPMENT
1IPPA,INFO PROCESSING & PUBLISHING
1IPR,DIGITAL PUBLISHING & PRODUCTION
1ITB,ITALIAN (BEGINNERS)
1ITC,ITALIAN
1JAC,JAPANESE
1LNKLWCL,LINK LITERACY FOR WORK AND COMMUNITY LIFE
1LNKMDLL,LINK NUMERACY FOR DAILY LIFE AND LEASURE
1LWC,LITERACY WK & COM LIFE
1LWCCUP,LITERACY CATCH UP
1LWCESL,LITERACY WORK & COM (ESL)
1LWCL,LITERACY WK & COMMUNITY LIFE
1MAM,MATHEMATICAL METHODS
1MAMM,MATHEMATICAL METHODS
1MAMSP,SPECIALIST MATHEMATICS
1MATA,MATHS PURE A
1MATB,MATHS PURE B
1MATC,MATHS PURE C
1MATD,MATHS PURE D
1MATM,MATHEMATICAL METHODS
1MCN,MATHS APPLICATIONS
1MDAMT,DESIGN TECH METAL
1MEM,ESSENTIAL MATHEMATICS
1MEMN,ESSENTIAL MATHEMATICS (NUMERACY)
1MGM,GENERAL MATHEMATICS
1MMAM,DESIGN TECH METAL
1MMAW,DESIGN TECH WOOD
1MMPFD,FOOD INNOVATION
1MMPM,DESIGN TECH METAL
1MMPW,DESIGN TECH WOOD
1MOD,MODERN HISTORY
1MPM10,MATHEMATICS: MODIFIED
1MPM102,MATHS PATHWAYS: MODIFIED
1MPM103,MATHS PATHWAYS: MODIFIED
1MPM20,MATHEMATICS: MODIFIED
1MPW,MATHS PATHWAYS
1MRSFD,FOOD INNOVATION
1MRSM,METALWORK
1MRSW,WOODWORK
1MUE,PERFORMANCE MUSIC
1MUS1,MUSIC
1MXE,PERFORMANCE MUSIC
1NUMCHUP,NUMERACY CATCH UP
1NUT,NUTRITION
1NWC,NUMERACY FOR WORK & COM LIFE
1OUED,OUTDOOR EDUCATION
1OUT,OUTDOOR EDUCATION
1PD,PERSONAL DEVELOPMENT
1PHD,PHYSICAL EDUCATION
1PHE,PHYSICAL EDUCATION
1PLM10,PLP: MODIFIED
1PLP,PERSONAL LEARNING PLAN
1PLPA,PATHWAYS
1PLPSS,PATHWAYS
1PPP,"POLITICS, POWER AND PEOPLE"
1PPS,PHILOSOPHY
1PSC,PSYCHOLOGY
1PYI,PHYSICS
1PYS,PHYSICS
1RES,ELECTRONICS & PROGRAMMING A
1SCF,SCIENTIFIC STUDIES
1SFM10,SCIENTIFIC STUDIES: MODIFIED
1SFM10B,SCIENTIFIC STUDIES: MODIFIED
1SFM20,SCIENTIFIC STUDIES: MODIFIED
1SOM10,SOCIETY & CULTURE MODIFIED
1SOM10B,SOCIETY & CULTURE: MODIFIED
1SOM20,SOCIETY & CULTURE: MODIFIED
1SOR,SOCIETY & CULTURE
1STU,SCIENTIFIC STUDIES
1VAA,ART PRACTICAL
1VAD,DESIGN PRACTICAL
1VEG1,ENGLISH
1WPS,WORKPLACE PRACTICES
2ABG,SAASTA ABORIGINAL STUDIES
2APC,ABORIGINAL POWER CUP
2BEM10,BUSINESS & ENTERPRISE: MODIFIED
2BGY,BIOLOGY
2BIG,BIOLOGY
2CARE,CARE GROUP
2CCA,DIGITAL PHOTOGRAPHY
2CEM,CHEMISTRY
2CHC20,CHINESE (CONTINUERS)
2CME,CHEMISTRY
2CSD,CHILD STUDIES
2CSD1,CHILD STUDIES
2CVAMU,CREATIVE ARTS (MUSIC)
2CVM10,CREATIVE ARTS: MODIFIED
2CVM20,CREATIVE ARTS: MODIFIED
2CVM20A,CREATIVE ARTS: MODIFIED
2CXDCE,CULTURAL EXPLORATIONS
2CXM10,CROSS DISCIPLINARY STUDIES: MODIFIED
2CXM20,CROSS DISCIPLINARY STUDIES: MODIFIED
2DAE,DANCE
2DCSDP,DIGITAL PRODUCTS
2DCSDPH,DIGITAL PHOTOGRAPHY
2DCSPH,PHOTOGRAPHY
2DGT,DIGITAL TECHNOLOGIES
2EAL,ENGLISH AS AN ADDITIONAL LANGUAGE
2ECS,ENGLISH COMMUNICATIONS
2EGA,ENGLISH AS A SECOND LANGUAGE
2ELS,ENGLISH LITERARY STUDIES
2END,ENGLISH STUDIES
2EPM10,ENGLISH PATHWAYS: MODIFIED
2EPM20,ENGLISH PATHWAYS: MODIFIED
2EPM20B,ENGLISH PATHWAYS: MODIFIED
2EPW,ENGLISH PATHWAYS
2ESH,ENGLISH
2ETE,ESSENTIAL ENGLISH
2FOH,FOOD & HOSPITALITY STUDIES
2HEH,HEALTH
2HEM10,HEALTH: MODIFIED
2HEM20,HEALTH: MODIFIED
2HEW,HEALTH AND WELLBEING
2HWM20,HEALTH & WELLBEING: MODIFIED
2IESDPR,DIGITAL PRODUCTS
2IESMW,METALWORK
2ILABGY,INTEGRATED BIOLOGY
2ILAMA,INTEGRATED LEARNING MATHS
2ILASC,INTEGRATED LEARNING SCIENCE
2ILASS,"SPORT, HEALTH & PHYSICAL ACTIVITY"
2ILBPSC,PSYCHOLOGY INTEGRATED LEARNING
2ILBPWR,POWER CUP
2ILBSP,STAGE PRODUCTION
2ILGPC,ABORIGINAL POWER CUP
2ILGSP,STAGE PRODUCTION
2ILGSS,SPORTS STUDIES
2ILHPC,POWER CUP
2ILHSA,SAASTA INTEGRATED LEARNING
2ILHSP,STAGE PRODUCTION
2ILNMTH,MATHS SKILLS FOR LIFE
2ILNPSC,INTEGRATED PSYCHOLOGY
2ILNSC,SCIENCE AND HEALTHY LIFESTYLE
2ILNST,URBAN STREET ART & COMMUNITY ART
2ILPP,POLITICAL PHILOSOPHY
2INCEM,INTEGRATED CHEMISTRY
2IPR,DIGITAL PRODUCTIONS
2IPRA,INFORMATION PROCESSING & PUBLISHING
2IPRB,INFORMATION PROCESSING & PUBLISHING
2ITB,ITALIAN (BEGINNERS)
2MBL10,ENSEMBLE PERFORMANCE
2MCG10,COMPOSING AND ARRANGING
2MCN,MATHS APPLICATIONS
2MDS,MATHEMATICAL STUDIES
2MEM,ESSENTIAL MATHEMATICS
2MEP1A,MUSIC ENSEMBLE PERFORMANCE
2MFC10,SOLO PERFORMANCE
2MGM,GENERAL MATHEMATICS
2MHD,MATHEMATICAL STUDIES
2MHS,MATHEMATICAL METHODS
2MIS1,MUSIC INDIVIDUAL STUDY
2MMAM,METALWORK
2MMAOC,OUTDOOR CONSTRUCTION
2MMAW,WOODWORK
2MPF10,PERFORMANCE SPECIAL STUDY
2MPM10,MATHS PATHWAYS: MODIFIED
2MPM20,MATHEMATICS: MODIFIED
2MPM20B,MATHS PATHWAYS: MODIFIED
2MPW,MATHS PATHWAYS
2MRSM,METALWORK
2MRSW,FURNITURE CONSTRUCTION
2MSC,SPECIALIST MATHS
2MSP1A,MUSIC SOLO PERFORMANCE
2MUS,MUSIC
2MVS10,MUSIC INDIVIDUAL STUDY
2PD,PERSONAL DEVELOPMENT
2PHD,PHYSICAL EDUCATION
2PHE,PHYSICAL EDUCATION
2PLP,PATHWAYS
2PPP,"POLITICS, POWER AND PEOPLE"
2PPS,PHILOSOPHY
2PSC,PSYCHOLOGY
2PYI,PHYSICS
2PYS,PHYSICS
2RES,ROBOTIC AND ELECTRONIC SYSTEMS
2RPA,RESEARCH PROJECT A
2RPB,RESEARCH PROJECT B
2RPJ1,RESEARCH PROJECT
2RPJA,RESEARCH PROJECT (VOC)
2RPJB,RESEARCH PROJECT (UNI)
2RPM10,RESEARCH PROJECT: MODIFIED
2SCF,SCIENTIFIC STUDIES
2SCF20,SCIENTIFIC STUDIES
2SFM20,SCIENTIFIC STUDIES: MODIFIED
2SOM10,SOCIETY & CULTURE: MODIFIED
2SOM20,SOCIETY & CULTURE: MODIFIED
2SOM20B,SOCIETY & CULTURE: MODIFIED
2SOR,SOCIETY & CULTURE
2STU,SCIENTIFIC STUDIES
2VAA,VISUAL ARTS - ART
2VAD,DESIGN
2WPA,WORKPLACE PRACTICES
2WPAH,WORKPLACE PRACTICES (HYBRID)
2WPB,WORK PLACE PRACTICES
2WPC,WORKPLACE PRACTICES
8ART,VISUAL ART
8ART1,ART
8ARTD,ART/DESIGN
8CARE,CARE GROUP
8CARE1,CARE GROUP
8CER,CERAMICS
8CFFL,CREATIVE FOOD FOR LIFE
8CHI,CHINESE
8CHI1,CHINESE
8DAN,DANCE
8DANS1,DANCE
8DASD,STAGE DESIGN
8DDN,DIGITAL DESIGN
8DIMS1,DIGITAL MUSIC
8DRA,DRAMA
8DRAS1,DRAMA
8DTE,DIGITAL TECHNOLOGY
8DTEA,DIGITAL TECHNOLOGY
8DTEB,DIGITAL TECHNOLOGY APPS
8EALA,ENGLISH AS AN ADDITIONAL LANG A
8EALB,ENGLISH AS AN ADDITIONAL LANG B
8ENG,ENGLISH
8ENG1,ENGLISH
8ENGL,ENGLISH
8ENGO,ENGLISH
8ENGP,ENGLISH
8ENGX,ENGLISH
8ENGY,LANGUAGE
8ENGZ,ENGLISH
8ESL,ENGLISH AS A SECOND LANGUAGE PHASE 3/4
8ESL1,ENGLISH 2ND LANG
8ESLA,ENGLISH AS A SECOND LANGUAGE A
8ESLB,ENGLISH AS A SECOND LANGUAGE B
8ESLEA,ENGLISH AS A SECOND LANGUAGE A
8ESLEB,ENGLISH AS A SECOND LANGUAGE B
8FOD,FOOD AND NUTRITION
8GER1,GERMAN
8GRK1,GREEK
8HEC,FOOD
8HEC1,HOME EC
8HEC2,HOME EC
8HPE,HEALTH AND PHYSICAL EDUCATION
8HUM,HUMANITIES
8HUME,HUMANITIES
8HUML,HUMANITIES
8HUMO,HUMANITIES
8HUMP,HUMANITIES
8HUMTE,HUMANITIES
8HUMTL,HUMANITIES
8HUMTO,HUMANITIES
8HUMTP,HUMANITIES
8HUMX,HUMANITIES
8HUMY,HUMANITIES
8HUMZ,HUMANITIES
8HUWFW,HUMANITIES - WALK FOR WATER
8ICT,COMPUTING
8ITA,ITALIAN
8ITA1,ITALIAN
8JAP,JAPANESE
8KAU,KAURNA
8KAU1,KAURNA
8LINKENG,LINK ENGLISH
8LINKLIT,LINK LITERACY
8LINKMTH,LINK MATHS
8LINKSCI,LINK SCIENCE
8LINKSOS,LINK HUMANITIES
8LIT,ESL LITERACY
8LITAF,LITERACY
8LITCOACH,LITERACY COACHING
8LITE,ESL LITERACY
8LITP,LITERACY
8LITT,LEARNING SUPPORT
8LITY,LITERACY
8LITZ,LITERACY
8LNSP,LEARNING SUPPORT
8MDN,MATERIALS DESIGN
8MDNM,METALWORK
8MDNW,WOODWORK
8MME,DIGITAL MEDIA
8MME1,MULTIMEDIA
8MTH,MATHEMATICS
8MTH1,MATHEMATICS
8MTHE,MATHEMATICS
8MTHL,MATHEMATICS
8MTHO,MATHEMATICS
8MTHP,MATHEMATICS
8MTHX,MATHEMATICS
8MTHY,MATHEMATICS
8MTHZ,MATHEMATICS
8MUS,MUSIC
8MUS1,MUSIC
8MWK,METALWORK
8MWK1,METALWORK
8PD,PERSONAL DEVELOPMENT
8PDV,PERSONAL DEVELOPMENT
8PED,PHYSICAL EDUCATION
8PED1,PHYSICAL EDUCATION
8PED2,PHYSICAL EDUCATION
8PEX,PHYSICAL EDUCATION EXTRA
8PLP,PERSONAL LEARNING PLAN
8SCI,SCIENCE
8SCI1,SCIENCE
8SCIE,SCIENCE
8SCIL,SCIENCE
8SCIO,SCIENCE
8SCIP,SCIENCE
8SCIX,SCIENCE
8SCIY,SCIENCE
8SCIZ,SCIENCE
8SOS,HUMANITIES
8SOS1,HUMANITIES
8SOSX,HUMANITIES EXTENSION
8TSE1,ENERGY TECHNOLOGY
8TSES,ENERGY STUDIES
8TUT,TUTORING
8TXT,TEXTILES
8TXT1,TEXTILES
8WWK,WOODWORK
8WWK1,WOODWORK
9ART,VISUAL ART
9ART1,ART
9ART2,ART
9ARTS1,ART
9ARTS2,ART
9ARTS3,ART
9ARTS4,ART
9ARTSI,SPECIAL INTEREST ART
9CARE,CARE GROUP
9CHI,CHINESE
9CHIF,CHINESE FULL
9CHIH,CHINESE HALF
9CONS2,CONS TECH
9COTS1,CONS TECH
9COTS2,CONS TECH
9COTS3,CONS TECH
9COTS4,CONS TECH
9CR8FD,CREATIVE FOOD FOR LIFE
9DAN,DANCE
9DANS,DANCE
9DANS1,DANCE
9DANS2,DANCE
9DANS3,DANCE
9DANS4,DANCE
9DDNA,DIGITAL DESIGN A
9DDNB,DIGITAL DESIGN B
9DESS1,DESIGN
9DESS2,DESIGN
9DESS3,DESIGN
9DESS4,DESIGN
9DGP,DIGITAL GRAPHICS
9DIMS1,DIGITAL MUSIC
9DIMS2,DIGITAL MUSIC
9DIMS3,DIGITAL MUSIC
9DIMS4,DIGITAL MUSIC
9DRA,DRAMA
9DRAS,DRAMA
9DRAS1,DRAMA
9DRAS2,DRAMA
9DRAS3,DRAMA
9DRAS4,DRAMA
9DTE,DIGITAL TECHNOLOGY
9DTEA,DIGITAL TECHNOLOGY A
9DTEB,DIGITAL TECHNOLOGY B
9EALA,ENGLISH AS AN ADDITIONAL LANG A
9EALB,ENGLISH AS AN ADDITIONAL LANG B
9ENG,ENGLISH
9ENG1,ENGLISH
9ENGL,ENGLISH
9ENGO,ENGLISH
9ENGP,ENGLISH
9ENGTEC,ENGINEERING TECH
9ENGX,ENGLISH
9ENGY,ENGLISH
9ENGZ,ENGLISH
9ESL,ENGLISH AS A SECOND LANGUAGE PHASE 4/5
9ESL1,ENGLISH AS A SECOND LANGUAGE
9ESLA,ENGLISH AS A SECOND LANGUAGE A
9ESLB,ENGLISH AS A SECOND LANGUAGE B
9ESLEA,ENGLISH AS A SECOND LANGUAGE A
9ESLEB,ENGLISH AS A SECOND LANGUAGE B
9FOD,FOOD AND NUTRITION
9GER1,GERMAN
9GERH,GERMAN HALF
9GEX1,GERMAN EXTENSION
9GRK1,GREEK
9GRKH,GREEK HALF
9HEC,FOOD
9HEC1,HOME EC
9HEC2,HOME EC
9HECSI,SPECIAL INTEREST HOME EC
9HPE,HEALTH AND PHYSICAL EDUCATION
9HPE1,HEALTH AND PHYSICAL EDUCATION
9HPE2,PHYSICAL EDUCATION
9HUM,HUMANITIES
9HUM2,HUMANITIES 2
9HUME,HUMANITIES
9HUML,HUMANITIES
9HUMO,HUMANITIES
9HUMP,HUMANITIES
9HUMX,HUMANITIES
9HUMY,HUMANITIES
9HUMZ,HUMANITIES
9ICT,COMPUTING
9ITA,ITALIAN
9ITA1,ITALIAN
9ITAF,ITALIAN FULL
9ITAH,ITALIAN HALF
9ITAPH,ITALIAN PHASE 1
9ITX1,ITALIAN EXTENSION
9JAP1,JAPANESE
9JAPF,JAPANESE FULL
9JAPH,JAPANESE HALF
9KAU,KAURNA
9KAU1,KAURNA
9LIT,LITERACY
9LITAF,LITERACY
9LITCOACH,LITERACY COACHING
9LITE,ESL LITERACY
9LITP,LITERACY
9LITT,LEARNING SUPPORT
9LITY,LITERACY
9LITZ,LITERACY
9LNKLIT,LINK LITERACY
9LNKMA,LINK MATHS
9LNKSCI,LINK SCIENCE
9LNSP,LEARNING SUPPORT
9MDNM,METALWORK
9MDNW,WOODWORK
9METS1,METALWORK
9METS2,METALWORK
9METS3,METALWORK
9METS4,METALWORK
9MKT,MAKERS TECH
9MME,DIGITAL MEDIA
9MMES1,MULTI MEDIA
9MMES2,MULTI MEDIA
9MMES3,MULTIMEDIA
9MMES4,MULTIMEDIA
9MMESI,SPECIAL INTEREST MULTIMEDIA
9MTH,MATHEMATICS
9MTH1,MATHEMATICS
9MTHE,MATHEMATICS
9MTHG,MATHS
9MTHL,MATHEMATICS
9MTHO,MATHEMATICS
9MTHP,MATHEMATICS
9MTHX,MATHEMATICS
9MTHY,MATHEMATICS
9MTHZ,MATHEMATICS
9MUS,MUSIC
9MUS1,MUSIC HALF
9MUS2,MUSIC
9MUSA,MUSIC A
9MUSB,MUSIC B
9MUSF,MUSIC (FULL YEAR)
9MUSH,MUSIC HALF
9MUSS1,MUSIC
9MUSS2,MUSIC
9MUSS3,MUSIC
9MUSS4,MUSIC
9MUSSI,SPECIAL INTEREST MUSIC
9MWK,METALWORK
9NLIT,NUMERACY/LITERACY
9PD,PERSONAL DEVELOPMENT
9PDV,PERSONAL DEVELOPMENT
9PED,PHYSICAL EDUCATION
9PED1,PHYSICAL EDUCATION
9PED2,PHYSICAL EDUCATION
9PERF,PERFORMING ARTS
9PESI,SPECIAL INTEREST PHYSICAL EDUCATION
9PHE,PHYSICAL AND HEALTH EDUCATION
9PLP,PERSONAL LEARNING PLAN
9RBT,ROBOTICS
9SCI,SCIENCE
9SCI1,SCIENCE
9SCIE,SCIENCE
9SCIG,SCIENCE
9SCIL,SCIENCE
9SCIO,SCIENCE
9SCIP,SCIENCE
9SCIX,SCIENCE
9SCIY,SCIENCE
9SCIZ,SCIENCE
9SOS,HUMANITIES
9SOS1,HUMANITIES
9SOSELEC1,SOSE DOLPHINS
9SOSELEC2,SOSE BONSAI
9SOSELEC3,SOSE FLY
9SOSELEC4,SOSE HOLDENS
9SOSELEC5,SOSE POLITICS
9SOSELEC6,SOSE PANDEMONIUM
9SOSELEC7,SOSE FOOD
9TECS,SPECIAL INTEREST TECH STUDIES
9THDSI,SPECIAL INTEREST THEATRE DESIGN
9TUT,TUTORING
9TXT,TEXTILES
9TXT1,TEXTILES
9WWK,WOODWORK
9WWK1,WOODWORK
AACAD,SAASTA ACADEMY
ABED,ABORIGINAL EDUCATION
ACADFOOT,FOOTY ACADEMY
ACADNET,NETBALL ACADEMY
AFLACAD,AFL ACADEMY
ART,ART ROOM 3
COMLEARN,COMMUNITY LEARNING
COMP,COM PATHWAY
D2CCARE,REGIONAL D2C CARE
DRUM,DRUM LESSONS
ENGSUP,ENGLISH SUPPORT
ESLSPPT,ESL SUPPORT
ESMA,ESSENTIAL MATHS
FITNESS,TABLE TENNIS
FLO,FLEXIBLE LEARNING OPTIONS
FLOCARE,FLEXIBLE LEARNING OPTIONS CARE
FORMAL,FORMAL
FRENCH,FRENCH OPEN ACCESS
GRGOFF,GREGORYS OFFICE
HW CLUB,HOMEWORK CLUB
INEDSU,INCLUSIVE ED SUPPORT
ISJART,ART
ISJBG,BOYS GROUP
ISJHEA,HEALTH
ISJLANA,LANGUAGE A
ISJLANB,LANGUAGE B
ISJMA,MATHEMATICS
ISJMM,MULTIMEDIA
ISJPE,PHYSICAL EDUCATION
ISJSC,SCIENCE
ISJSE,SOCIETY AND ENVIRONMENT
ISJTS,TECHNOLOGY
ISJUAT,ART
ISJUBG,BOYS GROUP
ISJUIT,INFORMATION TECHNOLOGY
ISJULANB,LANGUAGE B
ISJUMU,MUSIC
ISJUPE,PHYSICAL EDUCATION
ISJUSE,SOCIETY AND ENVIRONMENT
ISMBG,BOYS AND GIRLS GROUP
ISSUBG,BOYS AND GIRLS GROUP
LINK,LINK LEARNING
LITCAFE,LITERACY CAFE
LLI,LLI
LSUP,LEARNING SUPPORT
MAILVET,
MAMETH,MATHEMATICAL METHODS
MASJCARE,D2C CARE
MOPUP,MOP UP MAILING LIST
NEPSU,NEP SUPPORT
NEPSUS2,NEP SUPPORT SEM 2
NETACAD,NETBALL ACADEMY
PATROL,PATROL
PERS DEV,PERSONAL DEVELOPMENT
PHON,PHONICS
PYIMHS,PHYSICS/METHODS
SC1ART,ART
SC1ART2,VISUAL ART
SC1ARTS,MUSIC/DRAMA
SC1DT,TECHNOLOGY
SC1ENG,ENGLISH
SC1FD,FOOD
SC1HUM,HUMANITIES
SC1MTH,MATHS
SC1MUS,MUSIC
SC1SCI,SCIENCE
SC2ART,ART
SC2ARTS,CREATIVE ARTS
SC2BE,BUSINESS & ENTERPRISE
SC2CD,CROSS DISCIPLINARY
SC2DT,DIGITAL TECHNOLOGY
SC2ENG,ENGLISH
SC2FOODT,FOOD TECHNOLOGY
SC2HE,HEALTH
SC2HUM,HUMANITIES
SC2MTH,MATHS
SC2MUS,MUSIC
SC2RP,RESEARCH PROJECT
SC2SC,SOCIETY & CULTURE
SC2SCI,SCIENCE
SC3ARTS,ARTS
SC3BI,BUSINESS & INNOVATION
SC3CD,CROSS DISCIPLINARY STUDIES
SC3ENG,ENGLISH
SC3MTH,MATHEMATICS
SC3SC,SOCIETY & CULTURE
SJ1,SJ1
SJ2,SJ2
SJ3,SJ3
SJ4,SJ4
SJ6,SJ6
SJ7,SJ7
SJAT,CREATIVE ARTS
SJAUS,AUSLAN
SJBG,BOYS GROUP
SJCA,COMMUNITY LEARNING
SJCOM,COMMUNICATIONS
SJCS,CULTURAL STUDIES
SJDA,DANCE
SJDDN,DIGITAL DESIGN
SJDE,DUKE OF EDINBURGH
SJDN,DESIGN TECHNOLOGY
SJDR,DRAMA
SJDT,DIGITAL TECHNOLOGY
SJEG,ENGLISH
SJENG,ENGLISH
SJFD,FOOD
SJHE,HEALTH
SJHEA,HEALTH
SJHO,HORTICULTURE
SJHPE,HEALTH AND PHYSICAL EDUCATION
SJHUM,HUMANITIES
SJIT,INFORMATION TECHNOLOGY
SJLA,LANGUAGE B
SJLAA,LANGUAGE A
SJLAB,SIGN
SJLI,LITERACY
SJLIT,LITERACY
SJMA,MATHEMATICS
SJMM,MULTIMEDIA
SJMTH,MATHEMATICS
SJMU,MUSIC
SJNU,NUMERACY
SJNUM,NUMERACY
SJPA,PHYSICAL ACTIVITY
SJPE,PHYSICAL EDUCATION
SJPERF,PERFORMING ARTS
SJSC,SCIENCE
SJSCI,SCIENCE
SJSE,HUMANITIES
SJSI,SCIENCE
SJSIGN,SIGN
SJTS,DESIGN TECHNOLOGY
SJU1,SJU1
SJU2,SJU2
SJU3,SJU3
SJU4,SJU4
SJU6,SJU6
SJU7,SJU7
SJUAR,CREATIVE ARTS
SJUAT,ART
SJUAUS,AUSLAN
SJUBG,BOYS GROUP
SJUCO,COMMUNITY LEARNING
SJUCOM,COMMUNICATIONS
SJUCU,CULTURAL STUDIES
SJUDA,DANCE
SJUDE,DUKE OF EDINBURGH
SJUDN,DESIGN TECHNOLOGY
SJUDR,DRAMA
SJUDT,DIGITAL TECHNOLOGY
SJUEG,ENGLISH
SJUENG,ENGLISH
SJUFD,FOOD
SJUHE,HEALTH
SJUHPE,HEALTH AND PHYSICAL EDUCATION
SJUHUM,HUMANITIES
SJUIT,INFORMATION TEHNOLOGY
SJULA,LANGUAGE B
SJULAA,LANGUAGE A
SJULAB,SIGN LANGUAGE (LANGUAGE B)
SJULS,LIFE SKILLS
SJULT,LITERACY
SJUMA,NUMERACY
SJUMM,MULTIMEDIA
SJUMTH,MATHS
SJUMU,MUSIC
SJUMUS,MUSIC
SJUNU,NUMERACY
SJUPE,PHYSICAL EDUCATION
SJUPERF,PERFORMING ARTS
SJUSC,SCIENCE
SJUSCI,SCIENCE
SJUSCS,SIGN
SJUSE,HUMANITIES
SJUSIGN,SIGN
SJUTC,TAI CHI
SJUTS,TECHNOLOGY
SJUWS,WORK STUDIES
SJWS,WORK STUDIES
SM1,SM1
SM2,SM2
SM3,SM3
SM4,SM4
SM5,SM5
SM6,SM6
SM7,SM7
SMAG,AGRICULTURE
SMAR,ART
SMART,CREATIVE ART
SMAT,CREATIVE ARTS - STAGE 1
SMBG,BOYS AND GIRLS GROUP
SMCOM,COMMUNICATIONS
SMCS,COMMUNITY STUDIES
SMDE,DESIGN TECHNOLOGY
SMEG,LANG A/B
SMENG,ENGLISH
SMFD,FOOD
SMGG,GIRLS GROUP
SMHE,HEALTH
SMHPE,HEALTH AND PHYSICAL EDUCATION
SMHS,HYDE STREET
SMHUM,SOCIETY AND CULTURE
SMHY,HYDE STREET
SMHYD,HYDE STREET
SMIL,INTEGRATED LEARNING
SMIS,COMMUNITY STUDIES
SMIT,INFORMATION TECHNOLOGY
SMLA,SIGN LANGUAGE
SMLIT,LITERACY AND WORK
SMLT,LITERACY
SMMA,MATHS
SMMM,MULTIMEDIA
SMMP,MATERIAL PRODUCTION
SMMTH,MATHEMATICS
SMMWC,MATHS FOR WORK AND THE COMMUNITY
SMNUM,NUMERACY
SMPE,PHYSICAL EDUCATION
SMPP,PERSONAL PROJECT
SMSC,AGRICULTURE
SMSCI,SCIENCE
SMSIGN,SIGN
SMTC,TECHNOLOGY AND THE COMMUNITY
SMTS,TECHNICAL STUDIES
SMU1,SMU1
SMU2,SMU2
SMU3,SMU3
SMU4,SMU4
SMU6,SMU6
SMU7,SMU7
SMUAT,CREATIVE ARTS
SMUBG,BOYS GROUP
SMUCOM,COMPUTING
SMUDDN,DIGITAL DESIGN
SMUDR,CREATIVE ARTS: MODIFIED
SMUEG,ENGLISH
SMUENG,ENGLISH
SMUFT,FOOD TECH
SMUHE,HEALTH
SMUHPE,HEALTH AND PHYSICAL EDUCATION
SMUHU,SOCIETY & CULTURE: MODIFIED
SMUHUM,HUMANITIES
SMULA,LANG A/B
SMULIT,LITERACY
SMULS,LIFE SKILLS
SMUMA,ENGLISH PATHWAYS: MODIFIED
SMUMTH,MATHEMATICS
SMUNUM,NUMERACY
SMUPE,PHYSICAL EDUCATION: MODIFIED
SMUSC,SCIENTIFIC STUDIES: MODIFIED
SMUSCI,SCIENCE
SMUSIGN,SIGN
SMUTE,TECHNOLOGY
SMUTS,BUSINESS & ENTERPRISE: MODIFIED
SMUWP,WORK PLACEMENT
SOC SKILLS,SOCIAL SKILLS
SS1,SS1
SS2,SS2
SS3,SS3
SS4,SS4
SS6,SS6
SS7,WORK PLACEMENT
SS8,TRANSITION TO WORK
SSAG,AGRICULTURE
SSART,CREATIVE ARTS: MODIFIED
SSAT,VISUAL ARTS - ARTS
SSBE,BUSINESS AND ENTERPRISE
SSBSE,SOCIETY AND CULTURE
SSCOM,COMMUNICATIONS
SSCS,COMMUNITY STUDIES
SSDM,DIGITAL MUSIC
SSEG,ENGLISH
SSFL,FLEXIBLE LEARNING
SSHE,HEALTH EDUCATION
SSHPE,HEALTH & PHYSICAL EDUCATION
SSIL,INTEGRATED LEARNING
SSIT,INFORMATION TECHNOLOGY
SSLA,SIGN LANGUAGE
SSLIT,LITERACY: MODIFIED
SSLT,LITERACY
SSMM,MULTIMEDIA
SSMTH,MATHEMATICS
SSMW,METALWORK
SSNUM,NUMERACY
SSPE,PHYSICAL EDUCATION
SSPECRAM,SENIOR SPECIAL CLASS
SSRP,RESEARCH PROJECT: MODIFIED
SSSC,SCIENCE
SSSCI,SCIENTIFIC STUDIES: MODIFIED
SSSOC,SOCIETY AND CULTURE
SSSTU,SUP STUDY
SSSTY,STUDY PERIOD
SSTS,TECHNICAL STUDIES
SSU1,SSU1
SSU2,SSU2
SSU3,SSU3
SSU4,SSU4
SSU6,SSU6
SSU7,SSU7
SSUART,CREATIVE ARTS: MODIFIED
SSUAS,AUSTRALIAN STUDIES
SSUAT,CREATIVE ARTS - STAGE 1
SSUBE,BUSINESS AND ENTERPRISE MODIFIED
SSUBG,BOYS AND GIRLS GROUP
SSUBSE,SOCIETY AND CULTURE
SSUCO,WORK AND THE COMMUNITY
SSUCOM,COMMUNICATIONS
SSUCS,COMMUNITY STUDIES
SSUCU,HEALTH REC AND THE COMMUNITY
SSUCXD,CROSS DISCIPLINARY STUDIES: MODIFIED
SSUDE,DUKE OF EDINBURGH
SSUDR,CREATIVE ARTS: MODIFIED
SSUEG,ENGLISH
SSUFD,FOOD TECH
SSUHE,HOME EC
SSUHPE,HEALTH & PHYSICAL EDUCATION
SSUHS,HYDE STREET
SSUHT,HEALTH
SSUIL,INTEGRATED LEARNING
SSUIS,INTEGRATED STUDIES
SSUIT,INFORMATION TECHNOLOGY
SSULIT,ENGLISH PATHWAYS: MODIFIED
SSULS,LIFE SKILLS
SSULT,ENGLISH PATHWAYS: MODIFIED
SSUMA,MATHS
SSUMM,MULTIMEDIA
SSUMU,MUSIC
SSUNUM,MATHS PATHWAYS: MODIFIED
SSUPE,PHYSICAL EDUCATION
SSURE,RELAXATION
SSURP,RESEARCH PROJECT: MODIFIED
SSUSC,SCIENCE AND THE COMMUNITY
SSUSE,SOCIETY & CULTURE: MODIFIED
SSUSL,SIGN LANGUAGE
SSUSW,SWIMMING
SSUTC,TAI CHI
SSUTS,TECH STUDIES
SSUWP,WORK PLACEMENT
SSVS,VOCATIONAL STUDIES
SSWD,WOODWORK
SSWE,WORK EDUCATION
SSWP,WORK PLACEMENT
SSWS,WORK STUDIES
STAFF ICT,STAFF ICT
SU1ART,VISUAL ART
SU1ARTS,PERFORMING ARTS
SU1DT,TECHNOLOGY
SU1ENG,ENGLISH
SU1FD,FOOD
SU1HUM,HUMANITIES
SU1MTH,MATHS
SU1MUS,MUSIC
SU1SCI,SCIENCE
SU2ART,VISUAL ART
SU2ARTS,CREATIVE ARTS
SU2DT,TECHNOLOGY
SU2ENG,ENGLISH
SU2HE,HEALTH
SU2HUM,HUMANITIES
SU2MTH,MATHS
SU2SCI,SCIENCE
SU3ARTS,CREATIVE ARTS
SU3BE,BUSINESS & ENTERPRISE
SU3BI,BUSINESS & INNOVATION
SU3DTE,DESIGN TECH & ENTERPRISE
SU3ENG,ENGLISH
SU3HE,HEALTH: MODIFIED
SU3MTH,MATHS
SU3SC,SOCIETY & CULTURE
SU4ARTS,CREATIVE ARTS
SU4CD,CROSS DISCIPLINARY STUDIES
SU4ENG,ENGLISH
SU4HE,HEALTH
SU4MTH,MATHS
SU4RP,RESEARCH PROJECT
SU4SC,SOCIETY & CULTURE
SU4SCI,SCIENCE
SUPER,SUPERVISION
SUPSTUD,SUPERVISED STUDY
SWD AG,OUTDOOR ED
SWD ART,MYTHS AND LEGENDS
SWD1,PHYSICAL EDUCATION
SWD2,PHYSICAL EDUCATION
SWD3,PHYSICAL EDUCATION
SWDAN,DIGITAL MEDIA
SWDBG1,BOYS GROUP 1
SWDBG2,BOYS GROUP 2
SWDBG3,BOYS GROUP 3
SWDBL,PHOTOGRAPHY
SWDCF,FOOD
SWDELECT,SWD ELECTIVES
SWDFS,FISHING
SWDFSA,RECREATIONAL ANGLING 101
SWDGG1,GIRLS GROUP 1
SWDHE,HEALTH
SWDMUS,MUSIC
SWDPE,HEALTH AND PHYSICAL EDUCATION
SWDST,SWD STUDENTS
SWDTS,HORTICULTURE
SWL,STRUCT WKPLACE LEARNING
TABED,AB ED TUTORING
TABRSIS,RESPECT SISTA PROGRAM
TABWKBT,WORK ABOUT
TARHALL,UNIVERSITY MENTORING
TAXI,TAXI
TAXI/MID,TAXI AND MIDDLE SCHOOL
TBGY,BIOLOGY TUTORING
TEAL,EAL TUTORING
TEN,ACADEMIC ENHANCEMENT
TENG,TUTORING ENGLISH
TINKER,TINKER ROOM
TLITSUP,LITERACY SUPPORT
TMA,MATHS TUTORING
TMATH,TUT MATHS
TMATHMETH,TUTORING MATHS METHODS
TMPW,TUTORING MTH PTH
TNUMSUP,NUMERACY SUPPORT
TRP,RESEARCH PROJECT TUTORING
TSSTUD,SUPERVISED STUDY
TSUP,ACADEMIC RECOVERY
TUMEM,TUTORING ESSENTIAL MATHS
TUT,TUTORING
TUTBIG,TUTORING BIOLOGY
TUTCEM,TUTORING CHEMISTRY
TUTCHI,TUTORING CHINESE
TUTEG,TUTORING ENGLISH
TUTMASC,TUTORING MATHS SCIENCE
TUTMGM,TUTORING GENERAL MATHS
TUTMHS,TUTORING MATHS METHODS
TUTMST1,TUTORING MATHS METHODS
TUTMTH,MATHS CATCH UP
TUTMTHPW,TUTORING MATHS PW
TUTPHOTO,PHOTOGRAPHY
TUTPSC,TUTORING PSYCHOLOGY
TUTPURMA,PURE MATHS TUT
TUTPYI,TUTORING PHYSICS
TUTSPMA,TUTORING SPEC MATHS
TUTSS,TUTORING
TUTSTEM,TUTORING STEM
TVSUP,VET SUPPORT
UNIP,UNI PATHWAY
UNIWATCH,UNI AT RISK STUDENTS
UTUTBIG,TUTORING BIOLOGY
UTUTCME,TUTORING CHEMISTRY
UTUTMPW,TUTORING MATHS PATHWAYS
UTUTPYS,TUTORING PHYSICS
UTUTSPEC,TUTORING SPECIALIST MATHS
UTUTSTUMA,TUTORING MATHS STUDIES
UTUTTSM,TUTORING TOURISM
V1225,TWELVE 25
V1ANIMAL,CERTIFICATE I IN ANIMAL STUDIES
V1AUTO,CERTIFICATE I IN AUTOMOTIVE
V1CON,CERTIFICATE I IN CONSTRUCTION (PLUMBING)
V1CONYEC,CERTIFICATE I IN CONSTRUCTON (YEC)
V1CRTIND,CERT I CREATIVE INDUSTRIES
V1EDSKL,CERT I EDU & SKILLS DEVELOPMENT
V1HOSFDBEV,CERTIFICATE I HOSPITALITY (FOOD & BEVERAGE)
V1HOSPKO,CERT I HOSPITALITY (KITCHEN OPS)
V1LIT,CERT I LITERACY
V1MEAT,CERT I MEAT RETAIL
V2AIRBR,CERT II AIRBRUSHING
V2AMHORT,CERT II AMENITY HORTICULTURE
V2ANIM,CERT II ANIMAL STUDIES
V2AUTO,CERT II AUTOMOTIVE SERVICING
V2COMSER,CERT II COMMUNITY SERVICES
V2CON,CERT II CONSTRUCTION PATHWAYS
V2CONLMNG,CERT II CONSERVATION & LAND MGMT
V2CRINMD,CERT II CREATIVE INDUSTRIES (MEDIA)
V2ELEC,CERT II ELECTROTECHNOLOGY
V2ENGINE,CERT II ENGINEERING
V2FDPRO,CERT II FOOD PROCESSING (BAKERY FOCUS)
V2HAIR,CERT II HAIRDRESSING
V2HLTHSER,CERT III HEALTH SERVICES
V2HORT,CERT II HORTICULTURE
V2HORTGWL,CERT II HORTICULTURE (GAWLER HS)
V2HORTPWC,CERT II HORTICULTURE (PWAC)
V2HOSPKO,CERT II HOSPITALITY (KITCHEN OPS)
V2HOSPOP,CERT II HOSPITALITY (OPERATIONS)
V2IDIGMED,"CERT II INFORMATION, DIGITAL MEDIA & TECHNOLOGY"
V2INDIGTEC,"CERT II INFO, DIG MEDIA & TECH"
V2IT,CERT II IT
V2KITOP,CERT II KITCHEN OPERATIONS
V2KOWG,CERT II KITCHEN OPS (WINDSOR GARDENS)
V2MAKUP,CERT II MAKEUP
V2MTLROOF,CERT II METAL ROOFING
V2MUSIC,CERT II MUSIC
V2NAILS,CERT II NAILS
V2PLUMB,CERT II PLUMBING
V2RFPLM,CERT II ROOF PLUMBING
V2RTCOS,CERT II RETAIL COSMETICS
V2RTMKUP,"CERT II RETAIL, MAKEUP & SKIN CARE"
V2SALAS,CERT II SALON ASSISTANT
V2WARE,CERT II/III WAREHOUSING
V3AGED,CERT III AGED CARE
V3ANIMAL,CERT III ANIMAL STUDIES
V3BEAUTMK,CERT III BEAUTY (MK UP FOCUS)
V3BEAUTY,CERT III BEAUTY
V3BRICK,CERT III BRICK & BLOCKLAYING
V3BUS,CERT III BUSINESS
V3BUSINESS,CERT III BUSINESS
V3BUSSHS,CERTIFICATE III BUSINESS (SHS)
V3CARP,CERT III CARPENTRY
V3CHDSK,CERT III CHILDCARE SEEK ONLINE
V3CHIDSE,CERT III CHILDREN'S SERVICES
V3COMSE,CERT III COMMUNITY SERVICE WORK
V3DIS,CERT III DISABILITY
V3DROP,CERT III DRIVING OPERATIONS
V3ECHEDU,CERT III EARLY CHILDHOOD EDUCATION & CARE
V3ELECT,CERT III ELECTROTECHNOLOGY
V3ENGIN,CERT III ENGINEERING
V3EVENT,CERT III VENUES & EVENTS
V3FITNESS,CERT III IN FITNESS
V3FLOR,CERT III FLORISTRY
V3GMDVL,CERT III GAME DEVELOPMENT FOUNDATIONS
V3HAIR,CERT III HAIRDRESSING PATHWAYS
V3HESERAS,CERT III HEALTH SERVICES ASSISTANT
V3HOSFDBV,CERT III HOSPITALITY (FOOD & BEVERAGE)
V3HOSP,CERT III HOSPITALITY
V3IDIGMED,"CERT III INFORMATION, DIGITAL MEDIA & TECH"
V3INDSUP,CERT III INDIVIDUAL SUPPOR (DISABILITY STREAM)
V3IT,CERT III INFORMATION TECHNOLOGY
V3ITCYBER,"CERT III INFO, DM & TECH CYBER"
V3MEDIA,CERT III MEDIA - GAME DES
V3MICBUS,CERT III MICRO BUSINESS
V3MKUP,CERT III MAKE-UP
V3MUSIC,CERT III MUSIC
V3PLUMB,CERT III PLUMBING
V3RDTP,CERTIFICATE III ROAD TRANSPORT
V3RFPLM,CERT III ROOF PLUMBING
V3RMKUP,CERTIFICATE III RETAIL MAKE UP
V3SCRMED,CERT III SCREEN & MEDIA GAME ART
V3SPORTREC,CERT III SPORT & RECREATION
V3SPREC,CERT III SPORT & RECREATION
V3TOUR,CERTIFICATE III TOURISM
V3VISAT,CERT III VISUAL ARTS
V3WARE,CERT III WAREHOUSING
V4CHILD,CERTIFICATE IV IN CHILDREN'S SERVICES
V4DIS,CERT IV DISABILITY
V4IT,CERT IV INFORMATION TECHNOLOGY
V4SOUND,CERT III SOUND PRODUCTION
V4YOUTH,CERT IV YOUTH WORK
VADAUTO,ADVANCED AUTOMOTIVE
VANIMAL,CERT I ANIMAL STUDIES
VASBA,SCHOOL BASED APPRENTICESHIP
VAUTO,CERT I AUTOMOTIVE
VBEAUTY,CERT III BEAUTY
VBUSII,CERT II BUSINESS
VC1IT,CERT I IT
VC2CHILD1,CERT II CHILDCARE 1ST YR
VC2CHILD2,CERT II CHILDCARE 2ND YR
VC2HOSKO,CERT II HOSPITALITY
VC3MEDDIG,CERT III MEDIA
VC3NUR1,CERT III PATHWAYS TO NURSING 1ST YR
VC3NUR2,CERT III PATHWAYS TO NURSING 2ND YEAR
VCARE,REGIONAL STUDENTS CARE
VCER3IT,CERTIFICATE III IN INFORMATION TECHNOLOGY
VCERT2IT,CERT II IT
VCHILD,CERT III CHILDCARE
VCIGENCON,CERT I GENERAL CONSTRUATION (TAFE)
VCIHOSFDB,CERT I HOSPITALITY
VCIIHORT,CERT II HORTICULTURE
VCIIICHILD,CERT III CHILDCARE
VCIIIMEDSC,CERT III MEDIA (SCREEN & MEDIA)
VCOMNUR,CERT III COMMUNITY SERVICES (AGED CARE) NURSING
VCOMSER,CERT III COMMUNITY SERVICES
VCOMSTU,VET CERTIFICATE III COMMUNITY WORK
VCOMWK,VET CERTIFICATE II IN COMMUNITY SERVICES WORK
VCONST,CERT I CIVIL CONSTRUCTION
VD2C,CERT I DOORWAYS 2 CONSTRUCTION
VD2C+,D2C PLUS
VDIPCHILD,DIPLOMA OF CHILDRENS SERVICES
VDIRHAIR,HAIR & BEAUTY DIRECTIONS
VELECT,VET CERTIFICATE I IN ELECTRICAL
VELECTECH,CERT I ELECTROCOMM SKILLS
VENGFABIN,CERT II ENGINEERING & FABRICATION
VENGIN,CERT I ENGINEERING (ELECTRICAL)
VENGINMF,CERT II ENGINEERING/METAL FAB
VENR,CERT I ENGINEERING
VET03,VET 2003
VET05,VET
VET06,VET
VET07,VET
VET08,VET
VET09,VET
VET10,VET
VET11,VET
VET12,VET
VET13,VET
VET14,VET
VET15,VET
VET16,VET
VET17,VET
VET18,VET
VET19,VET
VET20,VET
VET21,VET
VET22,VET
VETECH,CERT II ELECTROTECHNOLOGY
VET``,VET
VFEEAD,VET ADMIN FEE 12
VFEEAD11,VET FEE ADMIN YR 11
VFINLIT,FINANCIAL LITERACY
VFOODPR,VET CERTIFICATE III IN FOOD PROCESSING (BAKING)
VFURNITURE,CERT I FURNITURE MAKING
VGENCON,CERT I GENERAL CONSTRUCTION
VGHOSPKO,CERT II HOSPITALITY KITCHEN OPERATIONS
VHABEA,HAIRDRESSING & MAKEUP COURSE
VHAIR,CERT II HAIRDRESSING
VHMSTUDY,HOME STUDY
VHORT,CERT I HORTICULTURE
VHOSP,CERT I HOSPITALITY (KITCHEN OPERATIONS)
VHOSPI,CERT I HOSPITALITY (KITCHEN OPERATIONS) GAWLER
VHOSPII,CERT I HOSPITALITY (OPERATIONS) SFERAS
VHOSPIII,CERT III HOSPITALITY
VHWC,VET HOMEWORK CLUB
VIIHAIR,CERT II HAIR
VINHAIR,INTRODUCTION TO HAIR & BEAUTY
VLGBUS,CERT II LEGAL BUSINESS
VMAKEUP,VET MAKEUP ARTISTRY
VMEAT,VET MEAT PROCESSING
VMINING,INTRO TO MINING
VMUSIN,CERT II MUSIC INDUSTRY FOUNDATION
VNURS,CERT II COM SER (NURSING)
VOCP,VOC PATHWAY
VOCV,VOC PATHWAY (VET)
VPRINTG,CERT II PRINTING & GRAPHICS
VPVELECT,VET PRE VOCATIONAL EDUCATION ELECTRICAL
VRETAIL,CERT III RETAIL
VSBA,SCHOOL BASED APPRENTICESHIP
VSGP,VET STUDY GROUP
VSPOREC,VET SPORT AND RECREATION
VSUP,VET SUPPORT
VSUPLIT,LITERACY VET SUPPORT
VSUPNUM,NUMERACY VET SUPPORT
VSUPPPL,PPL VET SUPPORT
VTG,TRAINING GUARANTEE
VTHMSTUDY,HOME STUDY
VTRANSD,CERT II TRANSPORT & DISTRIBUTION
VTRANSENG,VET TRANSPORT ENGINEERING STUDIES
VTSM,TOURISM - SITE
VTWKPLA,VET WORK PLACEMENT
VWKTRAIN,WORKPLACE TRAINING
XTRAMUSIC,PD MUSIC CLASS
YARD,YARD DUTY
YARD1,CANTEEN/TECH STUDIES
YARD10,WEIGHTS ROOM
YARD15,STEM COURTYARD
YARD2,OVAL
YARD3,BASKETBALL COURTS
YARD4,FRONT LAWN/FRONT GATE
YARD5,MIDDLE SCHOOL
YARD7,PAVEMENT/HANDBALL COURTS
YARD8,GYM
YARD9,LIBRARY
YASCS,COMMUNITY SERVICE
YCIA,COMPLETION IS ACHIEVED
YCIANA,CIA NON ATTENDERS
YCS1,COMMUNITY SERVICE 1
YCS2,COMMUNITY SERVICE 2
YDET,LUNCH DETENTION
YTCTARTS,TASK COMPLETION TIME ARTS
YTCTENG,TASK COMPLETION TIME ENGLISH
YTCTHL,TASK COMPLETION TIME HUMS/LANG
YTCTHPE,TASK COMPLETION TIME HPE
YTCTMS,TASK COMPLETION TIME MATHS/SCIENCE
YTCTPLPRP,TASK COMPLETION TIME PLP/RP
YTCTSACE,TASK COMPLETION TIME SACE
YTCTTEC,TASK COMPLETION TECH
ZNOD,NOT ON DUTY
ZUNAV,UNAVAILABLE
